,date_range,time,date_type,year,location,y_pred_in,y_pred_out,in_high_time,out_high_time,record_time
0,2023-01-24 - 2023-01-24,2023-01-24 07:10:00,春节,2023,舟山西,55.146095,58.077698,2023-01-24 15:00:00,2023-01-24 14:00:00,2023-01-24
1,2023-01-24 - 2023-01-24,2023-01-24 07:20:00,春节,2023,舟山西,62.545734,67.54433,2023-01-24 15:00:00,2023-01-24 14:00:00,2023-01-24
2,2023-01-24 - 2023-01-24,2023-01-24 07:30:00,春节,2023,舟山西,68.556244,75.639824,2023-01-24 15:00:00,2023-01-24 14:00:00,2023-01-24
3,2023-01-24 - 2023-01-24,2023-01-24 07:40:00,春节,2023,舟山西,78.70017,89.820305,2023-01-24 15:00:00,2023-01-24 14:00:00,2023-01-24
4,2023-01-24 - 2023-01-24,2023-01-24 07:50:00,春节,2023,舟山西,85.86331,99.35921,2023-01-24 15:00:00,2023-01-24 14:00:00,2023-01-24
5,2023-01-24 - 2023-01-24,2023-01-24 08:00:00,春节,2023,舟山西,90.86797,108.223526,2023-01-24 15:00:00,2023-01-24 14:00:00,2023-01-24
6,2023-01-24 - 2023-01-24,2023-01-24 08:10:00,春节,2023,舟山西,98.75892,121.90573,2023-01-24 15:00:00,2023-01-24 14:00:00,2023-01-24
7,2023-01-24 - 2023-01-24,2023-01-24 08:20:00,春节,2023,舟山西,107.17587,134.58504,2023-01-24 15:00:00,2023-01-24 14:00:00,2023-01-24
8,2023-01-24 - 2023-01-24,2023-01-24 08:30:00,春节,2023,舟山西,116.666626,147.44255,2023-01-24 15:00:00,2023-01-24 14:00:00,2023-01-24
9,2023-01-24 - 2023-01-24,2023-01-24 08:40:00,春节,2023,舟山西,123.33884,158.52817,2023-01-24 15:00:00,2023-01-24 14:00:00,2023-01-24
10,2023-01-24 - 2023-01-24,2023-01-24 08:50:00,春节,2023,舟山西,130.95995,168.41658,2023-01-24 15:00:00,2023-01-24 14:00:00,2023-01-24
11,2023-01-24 - 2023-01-24,2023-01-24 09:00:00,春节,2023,舟山西,136.51445,178.37607,2023-01-24 15:00:00,2023-01-24 14:00:00,2023-01-24
12,2023-01-24 - 2023-01-24,2023-01-24 09:10:00,春节,2023,舟山西,143.64127,192.57552,2023-01-24 15:00:00,2023-01-24 14:00:00,2023-01-24
13,2023-01-24 - 2023-01-24,2023-01-24 09:20:00,春节,2023,舟山西,147.75476,204.45583,2023-01-24 15:00:00,2023-01-24 14:00:00,2023-01-24
14,2023-01-24 - 2023-01-24,2023-01-24 09:30:00,春节,2023,舟山西,154.40721,217.24591,2023-01-24 15:00:00,2023-01-24 14:00:00,2023-01-24
15,2023-01-24 - 2023-01-24,2023-01-24 09:40:00,春节,2023,舟山西,159.08379,224.34679,2023-01-24 15:00:00,2023-01-24 14:00:00,2023-01-24
16,2023-01-24 - 2023-01-24,2023-01-24 09:50:00,春节,2023,舟山西,167.96935,235.04926,2023-01-24 15:00:00,2023-01-24 14:00:00,2023-01-24
17,2023-01-24 - 2023-01-24,2023-01-24 10:00:00,春节,2023,舟山西,170.83067,236.54207,2023-01-24 15:00:00,2023-01-24 14:00:00,2023-01-24
18,2023-01-24 - 2023-01-24,2023-01-24 10:10:00,春节,2023,舟山西,175.89658,235.99579,2023-01-24 15:00:00,2023-01-24 14:00:00,2023-01-24
19,2023-01-24 - 2023-01-24,2023-01-24 10:20:00,春节,2023,舟山西,180.25287,236.3278,2023-01-24 15:00:00,2023-01-24 14:00:00,2023-01-24
20,2023-01-24 - 2023-01-24,2023-01-24 10:30:00,春节,2023,舟山西,181.72781,233.93889,2023-01-24 15:00:00,2023-01-24 14:00:00,2023-01-24
21,2023-01-24 - 2023-01-24,2023-01-24 10:40:00,春节,2023,舟山西,180.6993,230.40996,2023-01-24 15:00:00,2023-01-24 14:00:00,2023-01-24
22,2023-01-24 - 2023-01-24,2023-01-24 10:50:00,春节,2023,舟山西,176.34737,222.70398,2023-01-24 15:00:00,2023-01-24 14:00:00,2023-01-24
23,2023-01-24 - 2023-01-24,2023-01-24 11:00:00,春节,2023,舟山西,174.89503,220.34694,2023-01-24 15:00:00,2023-01-24 14:00:00,2023-01-24
24,2023-01-24 - 2023-01-24,2023-01-24 11:10:00,春节,2023,舟山西,167.2304,212.66583,2023-01-24 15:00:00,2023-01-24 14:00:00,2023-01-24
25,2023-01-24 - 2023-01-24,2023-01-24 11:20:00,春节,2023,舟山西,159.30531,207.87225,2023-01-24 15:00:00,2023-01-24 14:00:00,2023-01-24
26,2023-01-24 - 2023-01-24,2023-01-24 11:30:00,春节,2023,舟山西,153.70631,203.61336,2023-01-24 15:00:00,2023-01-24 14:00:00,2023-01-24
27,2023-01-24 - 2023-01-24,2023-01-24 11:40:00,春节,2023,舟山西,148.74953,195.7614,2023-01-24 15:00:00,2023-01-24 14:00:00,2023-01-24
28,2023-01-24 - 2023-01-24,2023-01-24 11:50:00,春节,2023,舟山西,147.34605,190.21552,2023-01-24 15:00:00,2023-01-24 14:00:00,2023-01-24
29,2023-01-24 - 2023-01-24,2023-01-24 12:00:00,春节,2023,舟山西,145.45241,183.97061,2023-01-24 15:00:00,2023-01-24 14:00:00,2023-01-24
30,2023-01-24 - 2023-01-24,2023-01-24 12:10:00,春节,2023,舟山西,144.0031,180.19539,2023-01-24 15:00:00,2023-01-24 14:00:00,2023-01-24
31,2023-01-24 - 2023-01-24,2023-01-24 12:20:00,春节,2023,舟山西,146.70598,183.381,2023-01-24 15:00:00,2023-01-24 14:00:00,2023-01-24
32,2023-01-24 - 2023-01-24,2023-01-24 12:30:00,春节,2023,舟山西,149.18552,187.5715,2023-01-24 15:00:00,2023-01-24 14:00:00,2023-01-24
33,2023-01-24 - 2023-01-24,2023-01-24 12:40:00,春节,2023,舟山西,155.82588,195.81818,2023-01-24 15:00:00,2023-01-24 14:00:00,2023-01-24
34,2023-01-24 - 2023-01-24,2023-01-24 12:50:00,春节,2023,舟山西,166.80551,209.52185,2023-01-24 15:00:00,2023-01-24 14:00:00,2023-01-24
35,2023-01-24 - 2023-01-24,2023-01-24 13:00:00,春节,2023,舟山西,177.94489,222.75055,2023-01-24 15:00:00,2023-01-24 14:00:00,2023-01-24
36,2023-01-24 - 2023-01-24,2023-01-24 13:10:00,春节,2023,舟山西,188.9165,235.97617,2023-01-24 15:00:00,2023-01-24 14:00:00,2023-01-24
37,2023-01-24 - 2023-01-24,2023-01-24 13:20:00,春节,2023,舟山西,197.34995,247.28668,2023-01-24 15:00:00,2023-01-24 14:00:00,2023-01-24
38,2023-01-24 - 2023-01-24,2023-01-24 13:30:00,春节,2023,舟山西,200.7003,253.60434,2023-01-24 15:00:00,2023-01-24 14:00:00,2023-01-24
39,2023-01-24 - 2023-01-24,2023-01-24 13:40:00,春节,2023,舟山西,205.81187,262.62195,2023-01-24 15:00:00,2023-01-24 14:00:00,2023-01-24
40,2023-01-24 - 2023-01-24,2023-01-24 13:50:00,春节,2023,舟山西,206.96628,263.13184,2023-01-24 15:00:00,2023-01-24 14:00:00,2023-01-24
41,2023-01-24 - 2023-01-24,2023-01-24 14:00:00,春节,2023,舟山西,212.97415,268.20685,2023-01-24 15:00:00,2023-01-24 14:00:00,2023-01-24
42,2023-01-24 - 2023-01-24,2023-01-24 14:10:00,春节,2023,舟山西,217.73099,271.22107,2023-01-24 15:00:00,2023-01-24 14:00:00,2023-01-24
43,2023-01-24 - 2023-01-24,2023-01-24 14:20:00,春节,2023,舟山西,219.76974,270.97766,2023-01-24 15:00:00,2023-01-24 14:00:00,2023-01-24
44,2023-01-24 - 2023-01-24,2023-01-24 14:30:00,春节,2023,舟山西,219.83647,269.58307,2023-01-24 15:00:00,2023-01-24 14:00:00,2023-01-24
45,2023-01-24 - 2023-01-24,2023-01-24 14:40:00,春节,2023,舟山西,219.5569,269.8735,2023-01-24 15:00:00,2023-01-24 14:00:00,2023-01-24
46,2023-01-24 - 2023-01-24,2023-01-24 14:50:00,春节,2023,舟山西,221.54756,272.80698,2023-01-24 15:00:00,2023-01-24 14:00:00,2023-01-24
47,2023-01-24 - 2023-01-24,2023-01-24 15:00:00,春节,2023,舟山西,220.51128,271.5312,2023-01-24 15:00:00,2023-01-24 14:00:00,2023-01-24
48,2023-01-24 - 2023-01-24,2023-01-24 15:10:00,春节,2023,舟山西,219.23349,269.89584,2023-01-24 15:00:00,2023-01-24 14:00:00,2023-01-24
49,2023-01-24 - 2023-01-24,2023-01-24 15:20:00,春节,2023,舟山西,221.518,272.64478,2023-01-24 15:00:00,2023-01-24 14:00:00,2023-01-24
50,2023-01-24 - 2023-01-24,2023-01-24 15:30:00,春节,2023,舟山西,220.5808,269.5545,2023-01-24 15:00:00,2023-01-24 14:00:00,2023-01-24
51,2023-01-24 - 2023-01-24,2023-01-24 15:40:00,春节,2023,舟山西,219.61201,264.49545,2023-01-24 15:00:00,2023-01-24 14:00:00,2023-01-24
52,2023-01-24 - 2023-01-24,2023-01-24 15:50:00,春节,2023,舟山西,219.9896,261.4337,2023-01-24 15:00:00,2023-01-24 14:00:00,2023-01-24
53,2023-01-24 - 2023-01-24,2023-01-24 16:00:00,春节,2023,舟山西,221.05896,260.336,2023-01-24 15:00:00,2023-01-24 14:00:00,2023-01-24
54,2023-01-24 - 2023-01-24,2023-01-24 16:10:00,春节,2023,舟山西,220.74744,259.32993,2023-01-24 15:00:00,2023-01-24 14:00:00,2023-01-24
55,2023-01-24 - 2023-01-24,2023-01-24 16:20:00,春节,2023,舟山西,219.09586,259.94363,2023-01-24 15:00:00,2023-01-24 14:00:00,2023-01-24
56,2023-01-24 - 2023-01-24,2023-01-24 16:30:00,春节,2023,舟山西,212.7508,254.51265,2023-01-24 15:00:00,2023-01-24 14:00:00,2023-01-24
57,2023-01-24 - 2023-01-24,2023-01-24 16:40:00,春节,2023,舟山西,209.8608,251.60863,2023-01-24 15:00:00,2023-01-24 14:00:00,2023-01-24
58,2023-01-24 - 2023-01-24,2023-01-24 16:50:00,春节,2023,舟山西,207.79703,246.73772,2023-01-24 15:00:00,2023-01-24 14:00:00,2023-01-24
59,2023-01-24 - 2023-01-24,2023-01-24 17:00:00,春节,2023,舟山西,208.44699,242.88757,2023-01-24 15:00:00,2023-01-24 14:00:00,2023-01-24
60,2023-01-24 - 2023-01-24,2023-01-24 17:10:00,春节,2023,舟山西,212.04025,237.14893,2023-01-24 15:00:00,2023-01-24 14:00:00,2023-01-24
61,2023-01-24 - 2023-01-24,2023-01-24 17:20:00,春节,2023,舟山西,218.00354,233.84108,2023-01-24 15:00:00,2023-01-24 14:00:00,2023-01-24
62,2023-01-24 - 2023-01-24,2023-01-24 17:30:00,春节,2023,舟山西,220.64133,229.82397,2023-01-24 15:00:00,2023-01-24 14:00:00,2023-01-24
63,2023-01-24 - 2023-01-24,2023-01-24 17:40:00,春节,2023,舟山西,223.69781,229.98546,2023-01-24 15:00:00,2023-01-24 14:00:00,2023-01-24
64,2023-01-24 - 2023-01-24,2023-01-24 17:50:00,春节,2023,舟山西,228.17834,234.62262,2023-01-24 15:00:00,2023-01-24 14:00:00,2023-01-24
65,2023-01-24 - 2023-01-24,2023-01-24 18:00:00,春节,2023,舟山西,227.48476,234.34619,2023-01-24 15:00:00,2023-01-24 14:00:00,2023-01-24
66,2023-01-24 - 2023-01-24,2023-01-24 18:10:00,春节,2023,舟山西,224.64912,234.02542,2023-01-24 15:00:00,2023-01-24 14:00:00,2023-01-24
67,2023-01-24 - 2023-01-24,2023-01-24 18:20:00,春节,2023,舟山西,218.72775,231.81511,2023-01-24 15:00:00,2023-01-24 14:00:00,2023-01-24
68,2023-01-24 - 2023-01-24,2023-01-24 18:30:00,春节,2023,舟山西,209.5339,229.40376,2023-01-24 15:00:00,2023-01-24 14:00:00,2023-01-24
69,2023-01-24 - 2023-01-24,2023-01-24 18:40:00,春节,2023,舟山西,200.5106,227.39204,2023-01-24 15:00:00,2023-01-24 14:00:00,2023-01-24
70,2023-01-24 - 2023-01-24,2023-01-24 18:50:00,春节,2023,舟山西,191.79428,225.04805,2023-01-24 15:00:00,2023-01-24 14:00:00,2023-01-24
71,2023-01-24 - 2023-01-24,2023-01-24 19:00:00,春节,2023,舟山西,183.71648,220.33955,2023-01-24 15:00:00,2023-01-24 14:00:00,2023-01-24
72,2023-01-24 - 2023-01-24,2023-01-24 19:10:00,春节,2023,舟山西,180.41672,221.01268,2023-01-24 15:00:00,2023-01-24 14:00:00,2023-01-24
73,2023-01-24 - 2023-01-24,2023-01-24 19:20:00,春节,2023,舟山西,175.15353,216.4599,2023-01-24 15:00:00,2023-01-24 14:00:00,2023-01-24
74,2023-01-24 - 2023-01-24,2023-01-24 19:30:00,春节,2023,舟山西,171.94536,212.55493,2023-01-24 15:00:00,2023-01-24 14:00:00,2023-01-24
75,2023-01-24 - 2023-01-24,2023-01-24 19:40:00,春节,2023,舟山西,167.39397,205.83679,2023-01-24 15:00:00,2023-01-24 14:00:00,2023-01-24
76,2023-01-24 - 2023-01-24,2023-01-24 19:50:00,春节,2023,舟山西,160.11613,195.75261,2023-01-24 15:00:00,2023-01-24 14:00:00,2023-01-24
77,2023-01-24 - 2023-01-24,2023-01-24 20:00:00,春节,2023,舟山西,153.17767,186.90941,2023-01-24 15:00:00,2023-01-24 14:00:00,2023-01-24
78,2023-01-24 - 2023-01-24,2023-01-24 20:10:00,春节,2023,舟山西,146.46268,179.28987,2023-01-24 15:00:00,2023-01-24 14:00:00,2023-01-24
79,2023-01-24 - 2023-01-24,2023-01-24 20:20:00,春节,2023,舟山西,138.59172,169.1769,2023-01-24 15:00:00,2023-01-24 14:00:00,2023-01-24
80,2023-01-24 - 2023-01-24,2023-01-24 20:30:00,春节,2023,舟山西,132.72212,160.04958,2023-01-24 15:00:00,2023-01-24 14:00:00,2023-01-24
81,2023-01-24 - 2023-01-24,2023-01-24 20:40:00,春节,2023,舟山西,124.55809,148.08511,2023-01-24 15:00:00,2023-01-24 14:00:00,2023-01-24
82,2023-01-24 - 2023-01-24,2023-01-24 20:50:00,春节,2023,舟山西,118.126724,134.72525,2023-01-24 15:00:00,2023-01-24 14:00:00,2023-01-24
83,2023-01-24 - 2023-01-24,2023-01-24 21:00:00,春节,2023,舟山西,111.17569,119.615425,2023-01-24 15:00:00,2023-01-24 14:00:00,2023-01-24
84,2023-01-24 - 2023-01-24,2023-01-24 21:10:00,春节,2023,舟山西,103.13577,104.81218,2023-01-24 15:00:00,2023-01-24 14:00:00,2023-01-24
85,2023-01-24 - 2023-01-24,2023-01-24 21:20:00,春节,2023,舟山西,96.77315,92.65847,2023-01-24 15:00:00,2023-01-24 14:00:00,2023-01-24
86,2023-01-24 - 2023-01-24,2023-01-24 21:30:00,春节,2023,舟山西,89.9448,79.747734,2023-01-24 15:00:00,2023-01-24 14:00:00,2023-01-24
87,2023-01-24 - 2023-01-24,2023-01-24 21:40:00,春节,2023,舟山西,82.97036,68.43903,2023-01-24 15:00:00,2023-01-24 14:00:00,2023-01-24
88,2023-01-24 - 2023-01-24,2023-01-24 21:50:00,春节,2023,舟山西,79.85762,62.23977,2023-01-24 15:00:00,2023-01-24 14:00:00,2023-01-24
89,2023-01-24 - 2023-01-24,2023-01-24 22:00:00,春节,2023,舟山西,74.96527,55.91577,2023-01-24 15:00:00,2023-01-24 14:00:00,2023-01-24
90,2023-01-24 - 2023-01-24,2023-01-24 22:10:00,春节,2023,舟山西,71.24394,51.292007,2023-01-24 15:00:00,2023-01-24 14:00:00,2023-01-24
91,2023-01-24 - 2023-01-24,2023-01-24 22:20:00,春节,2023,舟山西,70.28126,51.885612,2023-01-24 15:00:00,2023-01-24 14:00:00,2023-01-24
92,2023-01-24 - 2023-01-24,2023-01-24 22:30:00,春节,2023,舟山西,65.08299,45.819424,2023-01-24 15:00:00,2023-01-24 14:00:00,2023-01-24
93,2023-01-24 - 2023-01-24,2023-01-24 22:40:00,春节,2023,舟山西,60.61626,41.397785,2023-01-24 15:00:00,2023-01-24 14:00:00,2023-01-24
94,2023-01-24 - 2023-01-24,2023-01-24 22:50:00,春节,2023,舟山西,58.028385,39.470245,2023-01-24 15:00:00,2023-01-24 14:00:00,2023-01-24
95,2023-01-24 - 2023-01-24,2023-01-24 23:00:00,春节,2023,舟山西,54.98766,36.26073,2023-01-24 15:00:00,2023-01-24 14:00:00,2023-01-24
96,2023-01-24 - 2023-01-24,2023-01-24 23:10:00,春节,2023,舟山西,53.561016,34.525265,2023-01-24 15:00:00,2023-01-24 14:00:00,2023-01-24
97,2023-01-24 - 2023-01-24,2023-01-24 23:20:00,春节,2023,舟山西,49.165337,30.023832,2023-01-24 15:00:00,2023-01-24 14:00:00,2023-01-24
98,2023-01-24 - 2023-01-24,2023-01-24 23:30:00,春节,2023,舟山西,47.084713,29.42451,2023-01-24 15:00:00,2023-01-24 14:00:00,2023-01-24
99,2023-01-24 - 2023-01-24,2023-01-24 23:40:00,春节,2023,舟山西,43.32567,26.70109,2023-01-24 15:00:00,2023-01-24 14:00:00,2023-01-24
100,2023-01-24 - 2023-01-24,2023-01-24 23:50:00,春节,2023,舟山西,40.129265,25.936705,2023-01-24 15:00:00,2023-01-24 14:00:00,2023-01-24
101,2023-01-25 - 2023-01-25,2023-01-25 00:00:00,春节（观察日）,2023,舟山西,35.54425,23.169622,2023-01-24 15:00:00,2023-01-24 14:00:00,2023-01-25
102,2023-01-24 - 2023-01-24,2023-01-24 07:10:00,春节,2023,朱家尖,78.144585,18.576847,2023-01-24 14:00:00,2023-01-24 14:00:00,2023-01-24
103,2023-01-24 - 2023-01-24,2023-01-24 07:20:00,春节,2023,朱家尖,95.974174,18.695637,2023-01-24 14:00:00,2023-01-24 14:00:00,2023-01-24
104,2023-01-24 - 2023-01-24,2023-01-24 07:30:00,春节,2023,朱家尖,113.7764,17.802242,2023-01-24 14:00:00,2023-01-24 14:00:00,2023-01-24
105,2023-01-24 - 2023-01-24,2023-01-24 07:40:00,春节,2023,朱家尖,130.53943,24.815723,2023-01-24 14:00:00,2023-01-24 14:00:00,2023-01-24
106,2023-01-24 - 2023-01-24,2023-01-24 07:50:00,春节,2023,朱家尖,142.73376,26.49453,2023-01-24 14:00:00,2023-01-24 14:00:00,2023-01-24
107,2023-01-24 - 2023-01-24,2023-01-24 08:00:00,春节,2023,朱家尖,152.59973,21.56078,2023-01-24 14:00:00,2023-01-24 14:00:00,2023-01-24
108,2023-01-24 - 2023-01-24,2023-01-24 08:10:00,春节,2023,朱家尖,165.6043,23.564804,2023-01-24 14:00:00,2023-01-24 14:00:00,2023-01-24
109,2023-01-24 - 2023-01-24,2023-01-24 08:20:00,春节,2023,朱家尖,173.6008,22.762314,2023-01-24 14:00:00,2023-01-24 14:00:00,2023-01-24
110,2023-01-24 - 2023-01-24,2023-01-24 08:30:00,春节,2023,朱家尖,178.03648,21.47118,2023-01-24 14:00:00,2023-01-24 14:00:00,2023-01-24
111,2023-01-24 - 2023-01-24,2023-01-24 08:40:00,春节,2023,朱家尖,182.62596,22.117756,2023-01-24 14:00:00,2023-01-24 14:00:00,2023-01-24
112,2023-01-24 - 2023-01-24,2023-01-24 08:50:00,春节,2023,朱家尖,185.55989,22.430584,2023-01-24 14:00:00,2023-01-24 14:00:00,2023-01-24
113,2023-01-24 - 2023-01-24,2023-01-24 09:00:00,春节,2023,朱家尖,186.14862,24.884426,2023-01-24 14:00:00,2023-01-24 14:00:00,2023-01-24
114,2023-01-24 - 2023-01-24,2023-01-24 09:10:00,春节,2023,朱家尖,188.07295,31.207378,2023-01-24 14:00:00,2023-01-24 14:00:00,2023-01-24
115,2023-01-24 - 2023-01-24,2023-01-24 09:20:00,春节,2023,朱家尖,185.19675,39.437824,2023-01-24 14:00:00,2023-01-24 14:00:00,2023-01-24
116,2023-01-24 - 2023-01-24,2023-01-24 09:30:00,春节,2023,朱家尖,176.94695,50.25628,2023-01-24 14:00:00,2023-01-24 14:00:00,2023-01-24
117,2023-01-24 - 2023-01-24,2023-01-24 09:40:00,春节,2023,朱家尖,162.91603,58.9862,2023-01-24 14:00:00,2023-01-24 14:00:00,2023-01-24
118,2023-01-24 - 2023-01-24,2023-01-24 09:50:00,春节,2023,朱家尖,152.74347,69.69113,2023-01-24 14:00:00,2023-01-24 14:00:00,2023-01-24
119,2023-01-24 - 2023-01-24,2023-01-24 10:00:00,春节,2023,朱家尖,139.99046,75.40247,2023-01-24 14:00:00,2023-01-24 14:00:00,2023-01-24
120,2023-01-24 - 2023-01-24,2023-01-24 10:10:00,春节,2023,朱家尖,130.31012,81.39876,2023-01-24 14:00:00,2023-01-24 14:00:00,2023-01-24
121,2023-01-24 - 2023-01-24,2023-01-24 10:20:00,春节,2023,朱家尖,127.562836,89.21864,2023-01-24 14:00:00,2023-01-24 14:00:00,2023-01-24
122,2023-01-24 - 2023-01-24,2023-01-24 10:30:00,春节,2023,朱家尖,131.87813,95.51948,2023-01-24 14:00:00,2023-01-24 14:00:00,2023-01-24
123,2023-01-24 - 2023-01-24,2023-01-24 10:40:00,春节,2023,朱家尖,133.49234,105.30422,2023-01-24 14:00:00,2023-01-24 14:00:00,2023-01-24
124,2023-01-24 - 2023-01-24,2023-01-24 10:50:00,春节,2023,朱家尖,132.51498,112.662384,2023-01-24 14:00:00,2023-01-24 14:00:00,2023-01-24
125,2023-01-24 - 2023-01-24,2023-01-24 11:00:00,春节,2023,朱家尖,135.78967,123.4259,2023-01-24 14:00:00,2023-01-24 14:00:00,2023-01-24
126,2023-01-24 - 2023-01-24,2023-01-24 11:10:00,春节,2023,朱家尖,133.66904,127.65721,2023-01-24 14:00:00,2023-01-24 14:00:00,2023-01-24
127,2023-01-24 - 2023-01-24,2023-01-24 11:20:00,春节,2023,朱家尖,136.44507,129.47693,2023-01-24 14:00:00,2023-01-24 14:00:00,2023-01-24
128,2023-01-24 - 2023-01-24,2023-01-24 11:30:00,春节,2023,朱家尖,136.12785,127.98004,2023-01-24 14:00:00,2023-01-24 14:00:00,2023-01-24
129,2023-01-24 - 2023-01-24,2023-01-24 11:40:00,春节,2023,朱家尖,127.592834,127.73421,2023-01-24 14:00:00,2023-01-24 14:00:00,2023-01-24
130,2023-01-24 - 2023-01-24,2023-01-24 11:50:00,春节,2023,朱家尖,125.13058,126.72768,2023-01-24 14:00:00,2023-01-24 14:00:00,2023-01-24
131,2023-01-24 - 2023-01-24,2023-01-24 12:00:00,春节,2023,朱家尖,119.5405,123.98974,2023-01-24 14:00:00,2023-01-24 14:00:00,2023-01-24
132,2023-01-24 - 2023-01-24,2023-01-24 12:10:00,春节,2023,朱家尖,116.16887,128.26903,2023-01-24 14:00:00,2023-01-24 14:00:00,2023-01-24
133,2023-01-24 - 2023-01-24,2023-01-24 12:20:00,春节,2023,朱家尖,116.79569,135.32088,2023-01-24 14:00:00,2023-01-24 14:00:00,2023-01-24
134,2023-01-24 - 2023-01-24,2023-01-24 12:30:00,春节,2023,朱家尖,119.42052,141.79369,2023-01-24 14:00:00,2023-01-24 14:00:00,2023-01-24
135,2023-01-24 - 2023-01-24,2023-01-24 12:40:00,春节,2023,朱家尖,123.93043,150.72339,2023-01-24 14:00:00,2023-01-24 14:00:00,2023-01-24
136,2023-01-24 - 2023-01-24,2023-01-24 12:50:00,春节,2023,朱家尖,131.24347,164.4444,2023-01-24 14:00:00,2023-01-24 14:00:00,2023-01-24
137,2023-01-24 - 2023-01-24,2023-01-24 13:00:00,春节,2023,朱家尖,139.1633,181.01585,2023-01-24 14:00:00,2023-01-24 14:00:00,2023-01-24
138,2023-01-24 - 2023-01-24,2023-01-24 13:10:00,春节,2023,朱家尖,150.05489,196.13034,2023-01-24 14:00:00,2023-01-24 14:00:00,2023-01-24
139,2023-01-24 - 2023-01-24,2023-01-24 13:20:00,春节,2023,朱家尖,162.14357,210.88669,2023-01-24 14:00:00,2023-01-24 14:00:00,2023-01-24
140,2023-01-24 - 2023-01-24,2023-01-24 13:30:00,春节,2023,朱家尖,168.35278,218.87834,2023-01-24 14:00:00,2023-01-24 14:00:00,2023-01-24
141,2023-01-24 - 2023-01-24,2023-01-24 13:40:00,春节,2023,朱家尖,175.8939,226.29977,2023-01-24 14:00:00,2023-01-24 14:00:00,2023-01-24
142,2023-01-24 - 2023-01-24,2023-01-24 13:50:00,春节,2023,朱家尖,179.33235,228.29709,2023-01-24 14:00:00,2023-01-24 14:00:00,2023-01-24
143,2023-01-24 - 2023-01-24,2023-01-24 14:00:00,春节,2023,朱家尖,181.80685,231.90237,2023-01-24 14:00:00,2023-01-24 14:00:00,2023-01-24
144,2023-01-24 - 2023-01-24,2023-01-24 14:10:00,春节,2023,朱家尖,183.81482,236.56563,2023-01-24 14:00:00,2023-01-24 14:00:00,2023-01-24
145,2023-01-24 - 2023-01-24,2023-01-24 14:20:00,春节,2023,朱家尖,182.17929,237.47058,2023-01-24 14:00:00,2023-01-24 14:00:00,2023-01-24
146,2023-01-24 - 2023-01-24,2023-01-24 14:30:00,春节,2023,朱家尖,180.55162,233.88832,2023-01-24 14:00:00,2023-01-24 14:00:00,2023-01-24
147,2023-01-24 - 2023-01-24,2023-01-24 14:40:00,春节,2023,朱家尖,174.27524,232.17642,2023-01-24 14:00:00,2023-01-24 14:00:00,2023-01-24
148,2023-01-24 - 2023-01-24,2023-01-24 14:50:00,春节,2023,朱家尖,175.79695,232.65045,2023-01-24 14:00:00,2023-01-24 14:00:00,2023-01-24
149,2023-01-24 - 2023-01-24,2023-01-24 15:00:00,春节,2023,朱家尖,170.00111,226.28638,2023-01-24 14:00:00,2023-01-24 14:00:00,2023-01-24
150,2023-01-24 - 2023-01-24,2023-01-24 15:10:00,春节,2023,朱家尖,165.75172,222.34758,2023-01-24 14:00:00,2023-01-24 14:00:00,2023-01-24
151,2023-01-24 - 2023-01-24,2023-01-24 15:20:00,春节,2023,朱家尖,165.36893,226.46892,2023-01-24 14:00:00,2023-01-24 14:00:00,2023-01-24
152,2023-01-24 - 2023-01-24,2023-01-24 15:30:00,春节,2023,朱家尖,161.39748,226.42577,2023-01-24 14:00:00,2023-01-24 14:00:00,2023-01-24
153,2023-01-24 - 2023-01-24,2023-01-24 15:40:00,春节,2023,朱家尖,155.28079,224.29858,2023-01-24 14:00:00,2023-01-24 14:00:00,2023-01-24
154,2023-01-24 - 2023-01-24,2023-01-24 15:50:00,春节,2023,朱家尖,150.28476,221.05716,2023-01-24 14:00:00,2023-01-24 14:00:00,2023-01-24
155,2023-01-24 - 2023-01-24,2023-01-24 16:00:00,春节,2023,朱家尖,146.09456,216.99213,2023-01-24 14:00:00,2023-01-24 14:00:00,2023-01-24
156,2023-01-24 - 2023-01-24,2023-01-24 16:10:00,春节,2023,朱家尖,142.87549,211.39088,2023-01-24 14:00:00,2023-01-24 14:00:00,2023-01-24
157,2023-01-24 - 2023-01-24,2023-01-24 16:20:00,春节,2023,朱家尖,142.86755,202.11082,2023-01-24 14:00:00,2023-01-24 14:00:00,2023-01-24
158,2023-01-24 - 2023-01-24,2023-01-24 16:30:00,春节,2023,朱家尖,141.20668,187.02249,2023-01-24 14:00:00,2023-01-24 14:00:00,2023-01-24
159,2023-01-24 - 2023-01-24,2023-01-24 16:40:00,春节,2023,朱家尖,137.22011,175.63058,2023-01-24 14:00:00,2023-01-24 14:00:00,2023-01-24
160,2023-01-24 - 2023-01-24,2023-01-24 16:50:00,春节,2023,朱家尖,133.10818,160.18353,2023-01-24 14:00:00,2023-01-24 14:00:00,2023-01-24
161,2023-01-24 - 2023-01-24,2023-01-24 17:00:00,春节,2023,朱家尖,131.50854,146.20297,2023-01-24 14:00:00,2023-01-24 14:00:00,2023-01-24
162,2023-01-24 - 2023-01-24,2023-01-24 17:10:00,春节,2023,朱家尖,124.82584,126.73937,2023-01-24 14:00:00,2023-01-24 14:00:00,2023-01-24
163,2023-01-24 - 2023-01-24,2023-01-24 17:20:00,春节,2023,朱家尖,120.68246,112.29588,2023-01-24 14:00:00,2023-01-24 14:00:00,2023-01-24
164,2023-01-24 - 2023-01-24,2023-01-24 17:30:00,春节,2023,朱家尖,113.51692,99.21769,2023-01-24 14:00:00,2023-01-24 14:00:00,2023-01-24
165,2023-01-24 - 2023-01-24,2023-01-24 17:40:00,春节,2023,朱家尖,110.097244,93.05303,2023-01-24 14:00:00,2023-01-24 14:00:00,2023-01-24
166,2023-01-24 - 2023-01-24,2023-01-24 17:50:00,春节,2023,朱家尖,113.61837,93.456535,2023-01-24 14:00:00,2023-01-24 14:00:00,2023-01-24
167,2023-01-24 - 2023-01-24,2023-01-24 18:00:00,春节,2023,朱家尖,114.07331,92.99432,2023-01-24 14:00:00,2023-01-24 14:00:00,2023-01-24
168,2023-01-24 - 2023-01-24,2023-01-24 18:10:00,春节,2023,朱家尖,116.09564,93.95573,2023-01-24 14:00:00,2023-01-24 14:00:00,2023-01-24
169,2023-01-24 - 2023-01-24,2023-01-24 18:20:00,春节,2023,朱家尖,120.59216,96.03703,2023-01-24 14:00:00,2023-01-24 14:00:00,2023-01-24
170,2023-01-24 - 2023-01-24,2023-01-24 18:30:00,春节,2023,朱家尖,123.52329,100.650505,2023-01-24 14:00:00,2023-01-24 14:00:00,2023-01-24
171,2023-01-24 - 2023-01-24,2023-01-24 18:40:00,春节,2023,朱家尖,125.06585,111.00582,2023-01-24 14:00:00,2023-01-24 14:00:00,2023-01-24
172,2023-01-24 - 2023-01-24,2023-01-24 18:50:00,春节,2023,朱家尖,125.8678,120.43412,2023-01-24 14:00:00,2023-01-24 14:00:00,2023-01-24
173,2023-01-24 - 2023-01-24,2023-01-24 19:00:00,春节,2023,朱家尖,126.73159,124.69757,2023-01-24 14:00:00,2023-01-24 14:00:00,2023-01-24
174,2023-01-24 - 2023-01-24,2023-01-24 19:10:00,春节,2023,朱家尖,128.62741,137.1079,2023-01-24 14:00:00,2023-01-24 14:00:00,2023-01-24
175,2023-01-24 - 2023-01-24,2023-01-24 19:20:00,春节,2023,朱家尖,126.4978,142.80914,2023-01-24 14:00:00,2023-01-24 14:00:00,2023-01-24
176,2023-01-24 - 2023-01-24,2023-01-24 19:30:00,春节,2023,朱家尖,129.46214,146.68523,2023-01-24 14:00:00,2023-01-24 14:00:00,2023-01-24
177,2023-01-24 - 2023-01-24,2023-01-24 19:40:00,春节,2023,朱家尖,125.85987,148.16336,2023-01-24 14:00:00,2023-01-24 14:00:00,2023-01-24
178,2023-01-24 - 2023-01-24,2023-01-24 19:50:00,春节,2023,朱家尖,122.90697,146.57309,2023-01-24 14:00:00,2023-01-24 14:00:00,2023-01-24
179,2023-01-24 - 2023-01-24,2023-01-24 20:00:00,春节,2023,朱家尖,121.56051,146.25143,2023-01-24 14:00:00,2023-01-24 14:00:00,2023-01-24
180,2023-01-24 - 2023-01-24,2023-01-24 20:10:00,春节,2023,朱家尖,119.08848,140.2044,2023-01-24 14:00:00,2023-01-24 14:00:00,2023-01-24
181,2023-01-24 - 2023-01-24,2023-01-24 20:20:00,春节,2023,朱家尖,114.21639,128.70203,2023-01-24 14:00:00,2023-01-24 14:00:00,2023-01-24
182,2023-01-24 - 2023-01-24,2023-01-24 20:30:00,春节,2023,朱家尖,115.483795,117.9708,2023-01-24 14:00:00,2023-01-24 14:00:00,2023-01-24
183,2023-01-24 - 2023-01-24,2023-01-24 20:40:00,春节,2023,朱家尖,111.34938,106.511185,2023-01-24 14:00:00,2023-01-24 14:00:00,2023-01-24
184,2023-01-24 - 2023-01-24,2023-01-24 20:50:00,春节,2023,朱家尖,106.74101,92.28452,2023-01-24 14:00:00,2023-01-24 14:00:00,2023-01-24
185,2023-01-24 - 2023-01-24,2023-01-24 21:00:00,春节,2023,朱家尖,104.25454,80.22515,2023-01-24 14:00:00,2023-01-24 14:00:00,2023-01-24
186,2023-01-24 - 2023-01-24,2023-01-24 21:10:00,春节,2023,朱家尖,99.84035,69.67884,2023-01-24 14:00:00,2023-01-24 14:00:00,2023-01-24
187,2023-01-24 - 2023-01-24,2023-01-24 21:20:00,春节,2023,朱家尖,94.44274,62.25793,2023-01-24 14:00:00,2023-01-24 14:00:00,2023-01-24
188,2023-01-24 - 2023-01-24,2023-01-24 21:30:00,春节,2023,朱家尖,91.35288,55.012917,2023-01-24 14:00:00,2023-01-24 14:00:00,2023-01-24
189,2023-01-24 - 2023-01-24,2023-01-24 21:40:00,春节,2023,朱家尖,86.27647,48.334538,2023-01-24 14:00:00,2023-01-24 14:00:00,2023-01-24
190,2023-01-24 - 2023-01-24,2023-01-24 21:50:00,春节,2023,朱家尖,80.66848,47.036823,2023-01-24 14:00:00,2023-01-24 14:00:00,2023-01-24
191,2023-01-24 - 2023-01-24,2023-01-24 22:00:00,春节,2023,朱家尖,74.763565,43.64964,2023-01-24 14:00:00,2023-01-24 14:00:00,2023-01-24
192,2023-01-24 - 2023-01-24,2023-01-24 22:10:00,春节,2023,朱家尖,69.83973,42.85164,2023-01-24 14:00:00,2023-01-24 14:00:00,2023-01-24
193,2023-01-24 - 2023-01-24,2023-01-24 22:20:00,春节,2023,朱家尖,67.00114,44.577908,2023-01-24 14:00:00,2023-01-24 14:00:00,2023-01-24
194,2023-01-24 - 2023-01-24,2023-01-24 22:30:00,春节,2023,朱家尖,61.20823,41.26278,2023-01-24 14:00:00,2023-01-24 14:00:00,2023-01-24
195,2023-01-24 - 2023-01-24,2023-01-24 22:40:00,春节,2023,朱家尖,57.01404,39.080906,2023-01-24 14:00:00,2023-01-24 14:00:00,2023-01-24
196,2023-01-24 - 2023-01-24,2023-01-24 22:50:00,春节,2023,朱家尖,53.257217,37.415962,2023-01-24 14:00:00,2023-01-24 14:00:00,2023-01-24
197,2023-01-24 - 2023-01-24,2023-01-24 23:00:00,春节,2023,朱家尖,53.898285,34.283447,2023-01-24 14:00:00,2023-01-24 14:00:00,2023-01-24
198,2023-01-24 - 2023-01-24,2023-01-24 23:10:00,春节,2023,朱家尖,52.391804,30.359653,2023-01-24 14:00:00,2023-01-24 14:00:00,2023-01-24
199,2023-01-24 - 2023-01-24,2023-01-24 23:20:00,春节,2023,朱家尖,48.35017,20.652058,2023-01-24 14:00:00,2023-01-24 14:00:00,2023-01-24
200,2023-01-24 - 2023-01-24,2023-01-24 23:30:00,春节,2023,朱家尖,43.734264,15.037563,2023-01-24 14:00:00,2023-01-24 14:00:00,2023-01-24
201,2023-01-24 - 2023-01-24,2023-01-24 23:40:00,春节,2023,朱家尖,38.311527,8.872852,2023-01-24 14:00:00,2023-01-24 14:00:00,2023-01-24
202,2023-01-24 - 2023-01-24,2023-01-24 23:50:00,春节,2023,朱家尖,38.76751,4.5317116,2023-01-24 14:00:00,2023-01-24 14:00:00,2023-01-24
203,2023-01-25 - 2023-01-25,2023-01-25 00:00:00,春节（观察日）,2023,朱家尖,37.165413,0.20797345,2023-01-24 14:00:00,2023-01-24 14:00:00,2023-01-25
